日期,备件编码,备件名称,方向,数量
2026-05-04,SP-001,铣刀片 APMT1604,出库,2
2026-05-05,SP-002,O形圈 氟橡胶 Φ50×3.55,出库,2
2026-05-06,SP-004,深沟球轴承 6208,出库,2
2026-05-07,SP-001,铣刀片 APMT1604,出库,2
2026-05-08,SP-001,铣刀片 APMT1604,出库,2
2026-05-08,SP-002,O形圈 氟橡胶 Φ50×3.55,出库,2
2026-05-08,SP-003,液压回油滤芯,出库,1
2026-05-11,SP-001,铣刀片 APMT1604,入库,30
2026-05-11,SP-001,铣刀片 APMT1604,出库,2
2026-05-12,SP-002,O形圈 氟橡胶 Φ50×3.55,出库,4
2026-05-12,SP-005,齿轮油 320#（桶）,出库,1
2026-05-13,SP-001,铣刀片 APMT1604,出库,1
2026-05-14,SP-001,铣刀片 APMT1604,出库,2
2026-05-15,SP-002,O形圈 氟橡胶 Φ50×3.55,出库,2
2026-05-15,SP-004,深沟球轴承 6208,出库,2
2026-05-19,SP-001,铣刀片 APMT1604,出库,1
2026-05-19,SP-002,O形圈 氟橡胶 Φ50×3.55,出库,2
2026-05-20,SP-002,O形圈 氟橡胶 Φ50×3.55,入库,40
2026-05-22,SP-002,O形圈 氟橡胶 Φ50×3.55,出库,2
2026-05-25,SP-001,铣刀片 APMT1604,出库,1
2026-05-25,SP-004,深沟球轴承 6208,入库,6
2026-05-26,SP-002,O形圈 氟橡胶 Φ50×3.55,出库,2
2026-05-26,SP-005,齿轮油 320#（桶）,出库,1
2026-05-27,SP-001,铣刀片 APMT1604,出库,1
2026-05-28,SP-001,铣刀片 APMT1604,出库,1
2026-05-28,SP-003,液压回油滤芯,出库,1
2026-05-29,SP-001,铣刀片 APMT1604,出库,1
2026-05-29,SP-002,O形圈 氟橡胶 Φ50×3.55,出库,3
2026-06-01,SP-001,铣刀片 APMT1604,出库,2
2026-06-02,SP-002,O形圈 氟橡胶 Φ50×3.55,出库,3
2026-06-02,SP-004,深沟球轴承 6208,出库,1
2026-06-03,SP-001,铣刀片 APMT1604,出库,2
2026-06-04,SP-001,铣刀片 APMT1604,出库,1
2026-06-05,SP-002,O形圈 氟橡胶 Φ50×3.55,出库,4
2026-06-05,SP-002,O形圈 氟橡胶 Φ50×3.55,盘点调整,1
2026-06-08,SP-001,铣刀片 APMT1604,出库,1
2026-06-09,SP-001,铣刀片 APMT1604,出库,2
2026-06-09,SP-002,O形圈 氟橡胶 Φ50×3.55,出库,3
2026-06-09,SP-005,齿轮油 320#（桶）,出库,1
2026-06-10,SP-004,深沟球轴承 6208,出库,2
2026-06-12,SP-002,O形圈 氟橡胶 Φ50×3.55,出库,3
2026-06-15,SP-001,铣刀片 APMT1604,出库,3
2026-06-16,SP-001,铣刀片 APMT1604,出库,2
2026-06-16,SP-002,O形圈 氟橡胶 Φ50×3.55,出库,2
2026-06-17,SP-001,铣刀片 APMT1604,出库,3
2026-06-18,SP-001,铣刀片 APMT1604,出库,2
2026-06-18,SP-002,O形圈 氟橡胶 Φ50×3.55,入库,20
2026-06-19,SP-001,铣刀片 APMT1604,出库,2
2026-06-19,SP-002,O形圈 氟橡胶 Φ50×3.55,出库,4
2026-06-22,SP-001,铣刀片 APMT1604,出库,2
2026-06-23,SP-001,铣刀片 APMT1604,出库,4
2026-06-23,SP-002,O形圈 氟橡胶 Φ50×3.55,出库,4
2026-06-23,SP-003,液压回油滤芯,出库,1
2026-06-24,SP-001,铣刀片 APMT1604,出库,2
2026-06-25,SP-001,铣刀片 APMT1604,出库,3
2026-06-25,SP-005,齿轮油 320#（桶）,出库,1
2026-06-26,SP-001,铣刀片 APMT1604,出库,4
2026-06-26,SP-002,O形圈 氟橡胶 Φ50×3.55,出库,2
